nombre,apellido
Michael,Jones
Herbert,Davis
Christopher,Moore
April,Gonzalez
Colton,Collins
Joseph,Yang
Michelle,Logan
Mary,Pollard
Gail,Harris
Lauren,Fletcher
Alan,Liu
Douglas,Williams
Daniel,Smith
Christopher,Jensen
Haley,Rodriguez
Alexis,Cox
Deborah,Davis
Brenda,Reynolds
Paul,Nash
Steven,Parsons
Adrian,Richards
Kristin,Hall
Gerald,Brown
Susan,Freeman
Gary,Thornton
Joyce,Bailey
Allison,Hill
Teresa,Jones
Christopher,Lane
Michael,Wagner
Joseph,Moreno
Joseph,Torres
Dustin,Bell
Richard,Lewis
Daniel,Smith
Mary,Glover
Allison,Hill
Jamie,Miller
Kimberly,Johnson
Elizabeth,Smith
Shelly,Estes
Jacob,Williams
Roberto,Chang
Karen,Smith
Anthony,Hernandez
Breanna,Watts
Nicholas,Marshall
Christopher,Bowen
Nicole,Thompson
Anna,Russell
Donna,King
Denise,Byrd
Michael,Robinson
Daniel,Harrison
Jason,Sellers
Stephanie,Torres
Kristin,Randall
Bradley,Nguyen
Lance,Rice
Paul,Perkins
Joseph,Mason
Tina,Webster
