score,nombre,apellido,email
100.0%,April,Gonzalez,user8@example.com
100.0%,Colton,Collins,user9@example.com
100.0%,Joseph,Yang,user10@example.com
100.0%,Michelle,Logan,user11@example.com
100.0%,Mary,Pollard,user12@example.com
100.0%,Gail,Harris,user13@example.com
100.0%,Lauren,Fletcher,user14@example.com
100.0%,Alan,Liu,user15@example.com
100.0%,Douglas,Williams,user16@example.com
100.0%,Daniel,Smith,user17@example.com
100.0%,Christopher,Jensen,user18@example.com
100.0%,Haley,Rodriguez,user19@example.com
100.0%,Alexis,Cox,user20@example.com
100.0%,Deborah,Davis,user21@example.com
100.0%,Brenda,Reynolds,user22@example.com
100.0%,Paul,Nash,user23@example.com
100.0%,Steven,Parsons,user24@example.com
100.0%,Adrian,Richards,user25@example.com
100.0%,Kristin,Hall,user26@example.com
100.0%,Gerald,Brown,user27@example.com
100.0%,Susan,Freeman,user28@example.com
100.0%,Gary,Thornton,user29@example.com
100.0%,Joyce,Bailey,user30@example.com
100.0%,Allison,Hill,user31@example.com
100.0%,Jamie,Miller,user32@example.com
100.0%,Kimberly,Johnson,user33@example.com
100.0%,Elizabeth,Smith,user34@example.com
100.0%,Shelly,Estes,user35@example.com
100.0%,Jacob,Williams,user36@example.com
100.0%,Roberto,Chang,user37@example.com
100.0%,Karen,Smith,user38@example.com
100.0%,Anthony,Hernandez,user39@example.com
100.0%,Breanna,Watts,user40@example.com
100.0%,Nicholas,Marshall,user41@example.com
100.0%,Christopher,Bowen,user42@example.com
100.0%,Nicole,Thompson,user43@example.com
100.0%,Anna,Russell,user44@example.com
100.0%,Donna,King,user45@example.com
100.0%,Denise,Byrd,user46@example.com
100.0%,Michael,Robinson,user47@example.com
100.0%,Daniel,Harrison,user48@example.com
100.0%,Jason,Sellers,user49@example.com
100.0%,Stephanie,Torres,user50@example.com
100.0%,Kristin,Randall,user51@example.com
100.0%,Bradley,Nguyen,user52@example.com
100.0%,Lance,Rice,user53@example.com
100.0%,Paul,Perkins,user54@example.com
